country,file,url,downloaded,sha256
AUT,AUT__Commission_prior_guidance_calculation_sheet_austria.xlsx,https://economy-finance.ec.europa.eu/document/download/0870b003-70c8-48d7-a973-b91e1fbcecc4_en?filename=Commission_prior_guidance_calculation_sheet_austria.xlsx,2026-09-28,e6b49c5a7dcef701b2151a06aadc59e7f21ddc157b913efe05898a30f43ddcca
BEL,BEL__Commission_prior_guidance_calculation_sheet_belgium.xlsx,https://economy-finance.ec.europa.eu/document/download/49bea8d8-ea02-414f-9ded-ac498db79e25_en?filename=Commission_prior_guidance_calculation_sheet_belgium.xlsx,2026-09-28,3c3d4706eaa249430843ed035f645520fa9061af2d07e7fbfaaa1e48bdef5eff
BGR,BGR__Commission_prior_guidance_calculation_sheet_bulgaria.xlsx,https://economy-finance.ec.europa.eu/document/download/beb740ed-f6c5-4eef-abdd-2532dd7bb790_en?filename=Commission_prior_guidance_calculation_sheet_bulgaria.xlsx,2026-09-28,827c4429f10731d64539c125043c7c1d96e93cd309b29c8aa5782c505494878e
CYP,CYP__Commission_prior_guidance_calculation_sheet_cyprus.xlsx,https://economy-finance.ec.europa.eu/document/download/55d85d6d-f266-419f-9b12-20e7b1bf1b41_en?filename=Commission_prior_guidance_calculation_sheet_cyprus.xlsx,2026-09-28,fe2acf319b722225560b84d19f8591f90246bbb834a14a1270e65cf8cf685b15
CZE,CZE__Commission_prior_guidance_calculation_sheet_czechia.xlsx,https://economy-finance.ec.europa.eu/document/download/90b763e9-4c74-409d-a223-a6f250f3b56e_en?filename=Commission_prior_guidance_calculation_sheet_czechia.xlsx,2026-09-28,c9b7fcfae42b5262e0f913491604be7ab784c86b0c4be2405a945d60be50d02a
CZE,CZE__EC Prior Guidance - June 2026 - Calculation sheets - CZ.xlsx,https://economy-finance.ec.europa.eu/document/download/ff16ea31-9a1f-4c1f-87a4-7b0811507d18_en?filename=EC%20Prior%20Guidance%20-%20June%202026%20-%20Calculation%20sheets%20-%20CZ.xlsx,2026-09-28,90c114907c9b623fe62002eec64aa327975518bc238c6ba215baf504ae1c20c4
DEU,DEU__Commission_prior_guidance_calculation_sheet_germany.xlsx,https://economy-finance.ec.europa.eu/document/download/8772648d-fcd3-4d9b-8abb-72ded3c09ef6_en?filename=Commission_prior_guidance_calculation_sheet_germany.xlsx,2026-09-28,1f7844f6e92b5ace419b5565cd9033447e3ff08d763dbd84da84d5a8fab75efe
DNK,DNK__commission-prior-guidance-calculation-sheet-denmark_en.xlsx,https://economy-finance.ec.europa.eu/document/download/7e109788-179e-4147-a263-d5c2522e70ef_en?filename=commission-prior-guidance-calculation-sheet-denmark_en.xlsx,2026-09-28,5d037d969ae624ca43e30c711836651852e94e29d1139f31f6d7eb1f154877d7
ESP,ESP__Commission_prior_guidance_calculation_sheet_spain.xlsx,https://economy-finance.ec.europa.eu/document/download/82363182-650d-4cb0-8077-814e7ab05648_en?filename=Commission_prior_guidance_calculation_sheet_spain.xlsx,2026-09-28,dc84e0d457549091449f86990bb47414e228e8aa55f0ff450e35d737a95fbd62
EST,EST__Commission_prior_guidance_calculation_sheet_estonia.xlsx,https://economy-finance.ec.europa.eu/document/download/f36ad76b-e1a6-477e-a3fb-ba331ee31548_en?filename=Commission_prior_guidance_calculation_sheet_estonia.xlsx,2026-09-28,d9856142a96e6cd7d5a18eba80e5dec2beee2e0b476f1755418b75b2106970b1
FIN,FIN__Commission_prior_guidance_calculation_sheet_finland.xlsx,https://economy-finance.ec.europa.eu/document/download/d3b7feec-2544-40d2-8b94-198479c66755_en?filename=Commission_prior_guidance_calculation_sheet_finland.xlsx,2026-09-28,e8303bcf87d0dafd55dd932f33fc87336fb85b3276fb1c6e8f021620af7735a7
FRA,FRA__Commission_prior_guidance_calculation_sheet_france.xlsx,https://economy-finance.ec.europa.eu/document/download/656bee40-3c9a-458a-8a96-dfada47513b2_en?filename=Commission_prior_guidance_calculation_sheet_france.xlsx,2026-09-28,c02d82358084cf8b16130675881460939b07e28ca0ce11ba8c6a9eaffae8ccdc
GRC,GRC__Commission_prior_guidance_calculation_sheet_greece.xlsx,https://economy-finance.ec.europa.eu/document/download/744d6de5-1015-4c2a-9faa-4bf81a38ed26_en?filename=Commission_prior_guidance_calculation_sheet_greece.xlsx,2026-09-28,85b4d750e5cc766dbc608b279353109132043493240e02bff185a31cf3bb876b
HRV,HRV__Commission_prior_guidance_calculation_sheet_croatia.xlsx,https://economy-finance.ec.europa.eu/document/download/d12ceb95-f9ea-4153-8e6d-823b74d39a9d_en?filename=Commission_prior_guidance_calculation_sheet_croatia.xlsx,2026-09-28,cdc24fc6885a5010edbd9fcf17a39b4598cc92392e4238d48c6b25d95e093932
HUN,HUN__Commission_prior_guidance_calculation_sheet_hungary.xlsx,https://economy-finance.ec.europa.eu/document/download/0ac96854-31c2-449e-a03d-87ef96113804_en?filename=Commission_prior_guidance_calculation_sheet_hungary.xlsx,2026-09-28,d9f4eff7ba677298c24e6b0e646877d676397d1fdeb7721c5b16f9f222a2f214
HUN,HUN__commission_updated_prior_guidance_calculation_sheet___hungary.xlsx,https://economy-finance.ec.europa.eu/document/download/fecd9436-b3b3-46bf-9aa1-5a0de8919b7e_en?filename=commission_updated_prior_guidance_calculation_sheet_%E2%80%93_hungary.xlsx,2026-09-28,56129692c836b32f4f38bf067106d8bda7d937a05aefd010a9c56041208da58b
IRL,IRL__Commission_prior_guidance_calculation_sheet_2025_ireland.xlsx,https://economy-finance.ec.europa.eu/document/download/c10bcd53-a119-4ba1-a1fe-8a74d6248426_en?filename=Commission_prior_guidance_calculation_sheet_2025_ireland.xlsx,2026-09-28,05106b20121e30e9f5a60f3f9b2c65a5a0c02fc3568eb2fffe6c868106b079cc
IRL,IRL__Commission_prior_guidance_calculation_sheet_ireland.xlsx,https://economy-finance.ec.europa.eu/document/download/a14ab2df-7ab3-45e4-ad8f-8186a93c6c04_en?filename=Commission_prior_guidance_calculation_sheet_ireland.xlsx,2026-09-28,a91c4ea40300b86d5f59d655e49b0a31459b075a46472d57264a02411480067a
ITA,ITA__Commission_prior_guidance_calculation_sheet_italy.xlsx,https://economy-finance.ec.europa.eu/document/download/fb3c032e-03ad-4e32-a008-704f8debf1be_en?filename=Commission_prior_guidance_calculation_sheet_italy.xlsx,2026-09-28,46a2a1ec3c9236902578ad37834f957e83f09fbb22cf33b2b51490e910959f35
LTU,LTU__Commission_prior_guidance_calculation_sheet_lithuania.xlsx,https://economy-finance.ec.europa.eu/document/download/928cf0f9-3101-4bd6-b641-0c5b3bad3cd6_en?filename=Commission_prior_guidance_calculation_sheet_lithuania.xlsx,2026-09-28,7a2b769606728436051f2cf3df750d98a978c681b9bad1f9721a2269ce338bdd
LUX,LUX__Commission_prior_guidance_calculation_sheet_luxembourg.xlsx,https://economy-finance.ec.europa.eu/document/download/53330a8d-5e4a-4a00-ab77-578240ed7a5d_en?filename=Commission_prior_guidance_calculation_sheet_luxembourg.xlsx,2026-09-28,4ae230a33a5ca9cb1cc602d98d3822e92cc443de8792221998ba1fea4190e3ac
LVA,LVA__Commission_prior_guidance_calculation_sheet_latvia.xlsx,https://economy-finance.ec.europa.eu/document/download/96509fd4-8b4d-490b-8fe7-78ef012a822c_en?filename=Commission_prior_guidance_calculation_sheet_latvia.xlsx,2026-09-28,716b1459b00859fc2323aba5587e749dac12f1746a9dac1e2657279626f3b973
MLT,MLT__commission-prior-guidance-calculation-sheet-malta_en.xlsx,https://economy-finance.ec.europa.eu/document/download/464d4080-4369-4b10-b7c0-4e6376503f75_en?filename=commission-prior-guidance-calculation-sheet-malta_en.xlsx,2026-09-28,01e69cf309972cbc801cb4b4dfa6c887c2f7fa43e06ac5b89be60bd95e97b3e8
NLD,NLD__Commission_prior_guidance_calculation_sheet_2026_netherlands.xlsx,https://economy-finance.ec.europa.eu/document/download/c4cd4b3c-2ef0-45ad-b59f-f5e8432ad4f9_en?filename=Commission_prior_guidance_calculation_sheet_2026_netherlands.xlsx,2026-09-28,67f5a7d5da2c29ba6827bb501bcceb2a3983f876c195fb6a2d89ab7ee9513a78
NLD,NLD__Commission_prior_guidance_calculation_sheet_netherlands.xlsx,https://economy-finance.ec.europa.eu/document/download/06436f08-0b8d-4f45-b111-7cdf95811d3c_en?filename=Commission_prior_guidance_calculation_sheet_netherlands.xlsx,2026-09-28,5d72cc8bbafec4b6e78f608b217cfda2f25b435bf685593bb30d61290800b543
POL,POL__Commission_prior_guidance_calculation_sheet_poland.xlsx,https://economy-finance.ec.europa.eu/document/download/4dda2269-e3d3-4151-87d2-bcacf0555e65_en?filename=Commission_prior_guidance_calculation_sheet_poland.xlsx,2026-09-28,743cae496986545884dd79f5f7fc8a8d52218e42c18eddc579b9726f4331c359
PRT,PRT__Commission_prior_guidance_calculation_sheet_portugal.xlsx,https://economy-finance.ec.europa.eu/document/download/3f36f121-fedd-49a1-9faa-a677febbdf3d_en?filename=Commission_prior_guidance_calculation_sheet_portugal.xlsx,2026-09-28,fa19da3b276161591ff8f18eb5085e578b6180454a0c667febaa9dc7d1dacc34
ROU,ROU__Commission_prior_guidance_calculation_sheet_romania.xlsx,https://economy-finance.ec.europa.eu/document/download/526699ce-5c2d-45a3-9029-35713d5d9dd9_en?filename=Commission_prior_guidance_calculation_sheet_romania.xlsx,2026-09-28,fd31788b7e6a576eb7e55af6f002c6c6d39ebc4d975283a44dd5aad4edf34051
SVK,SVK__Commission_prior_guidance_calculation_sheet_slovakia.xlsx,https://economy-finance.ec.europa.eu/document/download/1a4950db-80b3-4cf3-8b8e-3accaacf1a1e_en?filename=Commission_prior_guidance_calculation_sheet_slovakia.xlsx,2026-09-28,76df8bb8221392ffc1ae6ef9ee17b36a909341564d44906e7e7d8f2a84d8085e
SVN,SVN__Commission_prior_guidance_calculation_sheet_slovenia.xlsx,https://economy-finance.ec.europa.eu/document/download/3fcfbdd6-e86e-4edf-bad9-5a27111dddd7_en?filename=Commission_prior_guidance_calculation_sheet_slovenia.xlsx,2026-09-28,44c89318054779e6eb0aaaf8f15792e9d2f8b76292ed8465b51a45a491921775
SWE,SWE__Commission_prior_guidance_calculation_sheet_sweden.xlsx,https://economy-finance.ec.europa.eu/document/download/508c1f6b-503f-4bae-80f9-33dfefa7a76d_en?filename=Commission_prior_guidance_calculation_sheet_sweden.xlsx,2026-09-28,c7aa3debc693c472272ac0c3bed1ccc76703b3abd776388f69785f88c91c1be2
