COUNTRY,YEAR,EXR_EUR,EXR_USD,INTEREST_RATE_ST,INTEREST_RATE_LT,NOMINAL_GDP_GROWTH,PRIMARY_BALANCE
AUT,2001,0.0,-0.028000000000000025,-0.12989999999999924,-0.47999999999999954,-1.320658978770628,1.7000000000000002
AUT,2002,0.0,0.050000000000000044,-0.9465000000000003,-0.1200000000000001,-0.6748253635296964,-0.8000000000000003
AUT,2003,0.0,0.1856,-0.9900000000000002,-0.8200000000000003,-0.18191266176992293,-0.7
AUT,2004,0.0,0.11270000000000002,-0.22309999999999963,-0.009999999999999787,1.9144661633749616,-3.2
AUT,2005,0.0,0.00019999999999997797,0.07749999999999968,-0.7399999999999998,0.5735623882764829,2.5
AUT,2006,0.0,0.011500000000000066,0.8938999999999999,0.4099999999999997,0.46975274409930545,-0.09999999999999964
AUT,2007,0.0,0.1149,1.1991999999999998,0.5,0.738923731431651,1.2000000000000002
AUT,2008,0.0,0.10030000000000006,0.36630000000000074,0.0600000000000005,-2.7045493661147946,-0.40000000000000036
AUT,2009,0.0,-0.07600000000000007,-3.4254000000000007,-0.4200000000000004,-5.324468109815683,-3.6
AUT,2010,0.0,-0.06909999999999994,-0.4041999999999999,-0.71,4.625711573697977,0.7000000000000002
AUT,2011,0.0,0.0662999999999998,0.5791,0.08999999999999986,2.084217842058078,1.7999999999999998
AUT,2012,0.0,-0.10719999999999996,-0.8197,-0.9499999999999997,-2.067606794632182,0.2999999999999998
AUT,2013,0.0,0.043300000000000116,-0.35319999999999996,-0.3600000000000003,-1.2793509655719015,0.10000000000000053
AUT,2014,0.0,0.00039999999999995595,-0.01200000000000001,-0.5199999999999998,1.3240055035612874,-0.10000000000000009
AUT,2015,0.0,-0.21900000000000008,-0.2287,-0.74,0.8483074900547782,1.2999999999999998
AUT,2016,0.0,-0.0025999999999999357,-0.24459999999999998,-0.37,0.34437929229880204,-1.2999999999999998
AUT,2017,0.0,0.02279999999999993,-0.06420000000000003,0.19999999999999996,-0.7006762425415536,0.3999999999999999
AUT,2018,0.0,0.05130000000000012,0.006900000000000017,0.10999999999999999,1.0699450078955675,0.8
AUT,2019,0.0,-0.06150000000000011,-0.03489999999999999,-0.6299999999999999,-1.0851371972883772,0.09999999999999987
AUT,2020,0.0,0.022700000000000164,-0.07030000000000003,-0.28,-7.1435017187723275,-8.7
AUT,2021,0.0,0.04049999999999998,-0.12170000000000003,0.13,10.702791276576907,2.1999999999999993
AUT,2022,0.0,-0.12970000000000015,0.8973,1.8,3.46977786824223,2.3
AUT,2023,0.0,0.028299999999999992,3.0850999999999997,1.37,-4.654388827494493,0.8999999999999997
BEL,2001,0.0,-0.028000000000000025,-0.12989999999999924,-0.45999999999999996,-2.7019487585936863,0.1999999999999993
BEL,2002,0.0,0.050000000000000044,-0.9465000000000003,-0.13999999999999968,0.27066053811952706,-1.0
BEL,2003,0.0,0.1856,-0.9900000000000002,-0.8100000000000005,-0.46761059077435885,-2.2999999999999994
BEL,2004,0.0,0.11270000000000002,-0.22309999999999963,-0.02999999999999936,2.6473087023920927,1.1999999999999997
BEL,2005,0.0,0.00019999999999997797,0.07749999999999968,-0.7200000000000002,-1.101408759161493,-3.0
BEL,2006,0.0,0.011500000000000066,0.8938999999999999,0.3799999999999999,0.42168556709094585,2.5999999999999996
BEL,2007,0.0,0.1149,1.1991999999999998,0.52,0.8047690024943099,-0.20000000000000018
BEL,2008,0.0,0.10030000000000006,0.36630000000000074,0.08999999999999986,-3.315324002581721,-1.1999999999999997
BEL,2009,0.0,-0.07600000000000007,-3.4254000000000007,-0.52,-3.5038301801474048,-4.300000000000001
BEL,2010,0.0,-0.06909999999999994,-0.4041999999999999,-0.43999999999999995,5.59910022414617,0.9000000000000008
BEL,2011,0.0,0.0662999999999998,0.5791,0.7700000000000005,-0.19162648759771805,-0.3000000000000007
BEL,2012,0.0,-0.10719999999999996,-0.8197,-1.2300000000000004,-1.8416488008359044,0.10000000000000053
BEL,2013,0.0,0.043300000000000116,-0.35319999999999996,-0.5899999999999999,-0.7040008123089248,0.8999999999999995
BEL,2014,0.0,0.00039999999999995595,-0.01200000000000001,-0.7000000000000002,0.8984743650291227,-0.10000000000000009
BEL,2015,0.0,-0.21900000000000008,-0.2287,-0.87,-0.00823304785875223,0.40000000000000036
BEL,2016,0.0,-0.0025999999999999357,-0.24459999999999998,-0.36,0.4988715934900467,-0.10000000000000009
BEL,2017,0.0,0.02279999999999993,-0.06420000000000003,0.24,0.3754599608954079,1.2
BEL,2018,0.0,0.05130000000000012,0.006900000000000017,0.07000000000000006,0.140628707265833,-0.3999999999999997
BEL,2019,0.0,-0.06150000000000011,-0.03489999999999999,-0.6000000000000001,0.7149270120662798,-1.2000000000000002
BEL,2020,0.0,0.022700000000000164,-0.07030000000000003,-0.33999999999999997,-7.615796721592549,-7.0
BEL,2021,0.0,0.04049999999999998,-0.12170000000000003,0.13999999999999999,12.388671912656633,3.3
BEL,2022,0.0,-0.12970000000000015,0.8973,1.74,2.251843738114335,1.7000000000000002
BEL,2023,0.0,0.028299999999999992,3.0850999999999997,1.3599999999999999,-5.5509153700852965,-0.20000000000000018
BGR,2005,-0.0006544050119005052,-0.0007117544495234274,0.56180275,-1.4900000000000002,1.6604085364157584,-0.3999999999999999
BGR,2006,0.0,0.00587994682482873,0.10841650000000014,0.3099999999999996,-0.09711719419509457,0.7999999999999998
BGR,2007,0.0,0.05874833827589743,0.8417417500000002,0.3600000000000003,4.422626819558982,-2.9
BGR,2008,0.0,0.05128336230698438,1.3849332499999996,0.8399999999999999,-3.711704108555768,1.1
BGR,2009,0.0,-0.03885877901625945,0.6884170000000003,1.8399999999999999,-14.27044067840959,-5.9
BGR,2010,0.0,-0.03533081092136203,-1.6776667500000002,-1.21,1.8721453340537542,0.7000000000000002
BGR,2011,0.0,0.03389917169444723,-0.520975,-0.6499999999999995,5.9994247801372635,2.0
BGR,2012,0.0,-0.054811330401881575,-0.47244975,-0.8600000000000003,-6.46144419931316,1.0
BGR,2013,0.0,0.02213927804478988,-0.8561255000000001,-1.0299999999999998,-2.3404919098138244,0.10000000000000009
BGR,2014,0.0,0.0002045198895592737,-1.1729664999999998,-0.1200000000000001,2.774189526339832,-4.6
BGR,2015,0.0,-0.11197463953369469,-1.3686501,-0.8599999999999999,4.1424473566358255,3.5
BGR,2016,0.0,-0.001329379282135168,-0.4156083,-0.2200000000000002,0.005267300618916337,2.1999999999999997
BGR,2017,0.0,0.011657633704877712,-0.1317250175,-0.6699999999999999,1.2405714269934753,1.2000000000000004
BGR,2018,0.0,0.02622967583597513,-0.013108332500000014,-0.7100000000000001,-0.778072836362731,-4.440892098500626e-16
BGR,2019,0.0,-0.031444933019736276,0.012250000000000011,-0.46,2.3094480854943367,0.40000000000000036
BGR,2020,0.0,0.011606503732488171,-0.174175,-0.18,-8.236981757807582,-6.1
BGR,2021,0.0,0.020707638817874963,0.016033335,-0.06,14.303641135546584,-0.10000000000000009
BGR,2022,0.0,-0.06631557418959,0.10522499825000001,1.34,5.3106655892753984,0.8999999999999999
BGR,2023,0.0,0.014469782186317559,1.23787491675,2.2199999999999998,-10.578311670231088,1.0
CYP,2002,0.0,0.050000000000000044,-0.9465000000000003,-1.92,-3.727442123369018,-2.3
CYP,2003,0.0,0.1856,-0.9900000000000002,-0.96,4.122741543494991,-1.7000000000000002
CYP,2004,0.0,0.11270000000000002,-0.22309999999999963,1.0599999999999996,-0.28137066176652326,1.9
CYP,2005,0.0,0.00019999999999997797,0.07749999999999968,-0.6399999999999997,-0.9005754468992322,1.7000000000000002
CYP,2006,0.0,0.011500000000000066,0.8938999999999999,-1.0300000000000002,0.974674493296046,0.8999999999999999
CYP,2007,0.0,0.1149,1.1991999999999998,0.35000000000000053,1.502039443945936,4.0
CYP,2008,0.0,0.10030000000000006,0.36630000000000074,0.11999999999999922,-0.8937413485917709,-2.7
CYP,2009,0.0,-0.07600000000000007,-3.4254000000000007,0.0,-10.310774880135954,-6.6
CYP,2010,0.0,-0.06909999999999994,-0.4041999999999999,0.0,5.963597043163748,0.20000000000000018
CYP,2011,0.0,0.0662999999999998,0.5791,1.1900000000000004,-2.166613906090653,-0.7000000000000006
CYP,2012,0.0,-0.10719999999999996,-0.8197,1.21,-3.8664256329967506,-8.099999999999998
CYP,2013,0.0,0.043300000000000116,-0.35319999999999996,-0.5,-5.637353251507093,9.5
CYP,2014,0.0,0.00039999999999995595,-0.01200000000000001,-0.5,4.373508599828824,-3.1000000000000014
CYP,2015,0.0,-0.21900000000000008,-0.2287,-1.46,5.729468727417586,7.800000000000001
CYP,2016,0.0,-0.0025999999999999357,-0.24459999999999998,-0.77,3.3215350423539514,0.8000000000000003
CYP,2017,0.0,0.02279999999999993,-0.06420000000000003,-1.15,0.8690758743215454,1.4999999999999996
CYP,2018,0.0,0.05130000000000012,0.006900000000000017,-0.43999999999999995,0.5322292067250656,-5.699999999999999
CYP,2019,0.0,-0.06150000000000011,-0.03489999999999999,-1.11,-0.05682109091929011,4.300000000000001
CYP,2020,0.0,0.022700000000000164,-0.07030000000000003,-0.19000000000000006,-11.69518647750577,-6.8
CYP,2021,0.0,0.04049999999999998,-0.12170000000000003,-0.51,19.16858041839039,3.6999999999999993
CYP,2022,0.0,-0.12970000000000015,0.8973,2.59,-0.23190599841147552,3.8000000000000007
CYP,2023,0.0,0.028299999999999992,3.0850999999999997,0.9500000000000002,-8.004927611485147,-0.6000000000000005
CZE,2002,0.0031102578637038393,0.004408712765353599,-1.63,-1.4299999999999997,-3.6396322981918194,-0.2999999999999998
CZE,2003,-0.0010621985726122635,0.0048236325082280755,-1.27,-0.7599999999999998,0.40382434846244486,-0.7000000000000011
CZE,2004,-4.4308748693697164e-05,0.0034837903325529787,0.08999999999999986,0.7000000000000002,4.225667317988656,4.6000000000000005
CZE,2005,0.002220519456634734,0.002768819617825491,-0.3500000000000001,-1.2800000000000002,-2.4852689484081694,-0.7000000000000002
CZE,2006,0.0017059965128199198,0.002528188500255678,0.29000000000000004,0.2599999999999998,0.8513254487489741,0.7999999999999998
CZE,2007,0.0007319453741237922,0.005057185189290714,0.8000000000000003,0.5,1.893482034632,1.6000000000000003
CZE,2008,0.004071316553299169,0.009600424015202946,0.94,0.33000000000000007,-4.553614948133134,-1.4000000000000001
CZE,2009,-0.0022579507503182467,-0.006195970320670402,-1.85,0.20999999999999996,-6.9715953528159735,-3.3
CZE,2010,0.0017220677248690544,-0.0003310135839275502,-0.8799999999999999,-0.96,4.496433203561034,1.5
CZE,2011,0.0011162337770539502,0.004176009093026914,-0.1200000000000001,-0.16999999999999993,-0.6690421635061838,1.3999999999999997
CZE,2012,-0.0009039253337623024,-0.0055208589987893394,-0.18999999999999995,-0.9300000000000002,-0.9849592809688223,-1.0999999999999999
CZE,2013,-0.0012718654096412138,3.2573988359638206e-05,-0.54,-0.6699999999999999,0.666874859101374,2.5
CZE,2014,-0.0021750517427476315,-0.0028741597814257586,-0.10000000000000003,-0.5299999999999998,3.78345596551235,-0.8
DEU,2001,0.0,-0.028000000000000025,-0.12989999999999924,-0.45999999999999996,0.5694411260591892,-1.6000000000000003
DEU,2002,0.0,0.050000000000000044,-0.9465000000000003,-0.019999999999999574,-1.825406495430948,-0.9999999999999996
DEU,2003,0.0,0.1856,-0.9900000000000002,-0.71,-0.4827273251697628,0.19999999999999973
DEU,2004,0.0,0.11270000000000002,-0.22309999999999963,-0.03000000000000025,1.5460054175264082,0.2999999999999998
DEU,2005,0.0,0.00019999999999997797,0.07749999999999968,-0.69,-0.9061073868036784,-0.09999999999999964
DEU,2006,0.0,0.011500000000000066,0.8938999999999999,0.4099999999999997,2.895224917131878,1.5999999999999999
DEU,2007,0.0,0.1149,1.1991999999999998,0.45999999999999996,0.46285621966242196,2.0
DEU,2008,0.0,0.10030000000000006,0.36630000000000074,-0.23999999999999977,-2.915955064008302,-0.5
DEU,2009,0.0,-0.07600000000000007,-3.4254000000000007,-0.7599999999999998,-5.527942354854276,-3.0000000000000004
DEU,2010,0.0,-0.06909999999999994,-0.4041999999999999,-0.48,8.518637822582175,-1.4000000000000004
DEU,2011,0.0,0.0662999999999998,0.5791,-0.13000000000000034,0.17863174656731484,3.7
DEU,2012,0.0,-0.10719999999999996,-0.8197,-1.1099999999999999,-3.1230395409083345,0.4999999999999998
DEU,2013,0.0,0.043300000000000116,-0.35319999999999996,0.07000000000000006,0.4758015634435564,-0.2999999999999996
DEU,2014,0.0,0.00039999999999995595,-0.01200000000000001,-0.41000000000000014,1.7226006793122028,0.3999999999999997
DEU,2015,0.0,-0.21900000000000008,-0.2287,-0.6599999999999999,-0.7455897202146122,0.0
DEU,2016,0.0,-0.0025999999999999357,-0.24459999999999998,-0.41000000000000003,0.21382434414225493,0.0
DEU,2017,0.0,0.02279999999999993,-0.06420000000000003,0.23,0.6440878584673015,0.0
DEU,2018,0.0,0.05130000000000012,0.006900000000000017,0.08000000000000002,-1.2212819237646277,0.5
DEU,2019,0.0,-0.06150000000000011,-0.03489999999999999,-0.65,0.021182430960875465,-0.6999999999999997
DEU,2020,0.0,0.022700000000000164,-0.07030000000000003,-0.26,-5.435748232210081,-5.9
DEU,2021,0.0,0.04049999999999998,-0.12170000000000003,0.14,8.9877598196494,1.2000000000000002
DEU,2022,0.0,-0.12970000000000015,0.8973,1.5099999999999998,0.9692329752605033,1.2
DEU,2023,0.0,0.028299999999999992,3.0850999999999997,1.2900000000000003,-1.6849186986652276,-0.30000000000000004
DNK,1996,-0.0005803932724045557,-0.005963453722251544,-2.2268,-1.0799999999999992,0.6220009656760839,0.8000000000000003
DNK,1997,-0.0022569610028304044,-0.020998647510581087,-0.25070000000000014,-0.9400000000000004,0.26743831483713176,0.6999999999999997
DNK,1998,-0.00027974888146722887,-0.0020373957799016684,0.5407000000000002,-1.3099999999999996,-1.658101351649055,0.40000000000000036
DNK,1999,0.001144167937103313,-0.006154567387982285,-0.8359999999999999,-0.03000000000000025,1.1174879940446747,0.9000000000000004
DNK,2000,-0.00033018943731244477,-0.019429433410135977,1.5645000000000002,0.7299999999999995,2.1447865034236235,0.29999999999999893
DNK,2001,3.060500901044816e-05,-0.003729063362226684,-0.2975000000000003,-0.5599999999999996,-3.3583189784152534,-1.1999999999999993
DNK,2002,0.0003900830131055022,0.0070783806196010185,-1.1597,-0.020000000000000462,-0.6345189452770184,-1.1000000000000005
DNK,2003,-3.6222817624553816e-06,0.024974033152482866,-1.1217000000000001,-0.75,-0.9145535683497741,-0.5999999999999996
DNK,2004,-0.00016641443745904483,0.014959805053575692,-0.22719999999999985,-0.009999999999999787,2.9769101333080528,1.8999999999999995
DNK,2005,-0.0002146439603895045,-0.0002401564693721714,0.029799999999999827,-0.8999999999999999,0.4068090824785875,2.5
DNK,2006,-0.00013133341594911974,0.001378349057923417,0.9567000000000001,0.41000000000000014,0.6588113159807563,-0.09999999999999964
DNK,2007,0.00015294710044944093,0.015613617165086552,1.2598000000000003,0.48,-2.5488237662009583,-0.20000000000000018
DNK,2008,-9.720679234406782e-05,0.013319031309976581,0.8198999999999996,-0.009999999999999787,0.38340346754,-1.8999999999999995
DNK,2009,0.0001765165698481841,-0.009946927735586059,-2.7723999999999998,-0.6900000000000004,-8.250497590815709,-5.800000000000001
DNK,2010,-1.98362301865318e-05,-0.009306198047995734,-1.2417,-0.6599999999999997,9.251372208571262,0.20000000000000018
DNK,2011,-5.9473547317584474e-05,0.008819768110627707,0.1380999999999999,-0.20000000000000018,-2.854546222299814,0.7
DNK,2012,0.0001244139220302476,-0.014228255964548298,-0.7655,-1.33,0.43662411146101476,-1.6
DNK,2013,-0.00025578962602240685,0.00547728540808845,-0.34840000000000004,0.3500000000000001,-0.15090183871124818,2.3000000000000003
DNK,2014,5.5758250866955184e-05,0.000127709237381618,0.04349999999999998,-0.42999999999999994,0.05834633405281675,2.0999999999999996
DNK,2015,-7.013995306837106e-05,-0.029454865939784802,-0.4355,-0.6300000000000001,0.21240200008068033,-2.4
DNK,2016,0.00024310520661763313,-7.949306155086155e-05,-0.025599999999999998,-0.36999999999999994,0.990541466589856,1.0
DNK,2017,0.000119172585346633,0.003197005028544281,-0.11760000000000001,0.15999999999999998,0.6780644300861116,1.0999999999999999
DNK,2018,-0.000263341239097048,0.006585453007730641,-0.035499999999999976,-0.02999999999999997,-1.726672619028946,-0.8999999999999999
DNK,2019,-0.00023182119087683528,-0.008511013116376143,-0.0736,-0.63,0.21449431848412637,3.4
DNK,2020,0.00021382186732596398,0.003284636653638262,0.12999999999999998,-0.18,-1.6820605401481004,-4.1
DNK,2021,0.00031026274069861914,0.005800126354140345,0.013000000000000012,0.3,9.35889579099256,3.6999999999999997
DNK,2022,-4.699222198475961e-05,-0.017489310697339056,0.8713,1.54,0.42185446294955575,-0.5
DNK,2023,-0.00020385441564513274,0.0035835401756293406,2.8654,1.2000000000000002,-12.165515501521574,-0.09999999999999964
ESP,2001,0.0,-0.028000000000000025,-0.12989999999999924,-0.41000000000000014,-0.5463514937714677,0.5
ESP,2002,0.0,0.050000000000000044,-0.9465000000000003,-0.16000000000000014,-1.2846233916404834,-0.19999999999999973
ESP,2003,0.0,0.1856,-0.9900000000000002,-0.8399999999999999,0.10104002227779851,-0.40000000000000036
ESP,2004,0.0,0.11270000000000002,-0.22309999999999963,-0.020000000000000462,0.08708383472713077,0.0
ESP,2005,0.0,0.00019999999999997797,0.07749999999999968,-0.7099999999999995,0.7657321014469254,1.0
ESP,2006,0.0,0.011500000000000066,0.8938999999999999,0.3899999999999997,0.3668330172388776,0.8000000000000003
ESP,2007,0.0,0.1149,1.1991999999999998,0.5299999999999998,-1.0600219806337305,-0.20000000000000018
ESP,2008,0.0,0.10030000000000006,0.36630000000000074,0.0600000000000005,-3.9825498000412463,-6.5
ESP,2009,0.0,-0.07600000000000007,-3.4254000000000007,-0.3900000000000001,-6.783585673731551,-6.5
ESP,2010,0.0,-0.06909999999999994,-0.4041999999999999,0.27,3.9328007008419763,1.9000000000000004
ESP,2011,0.0,0.0662999999999998,0.5791,1.1900000000000004,-1.1721810565920476,0.40000000000000036
ESP,2012,0.0,-0.10719999999999996,-0.8197,0.40999999999999925,-2.2773083993074428,-1.3000000000000007
ESP,2013,0.0,0.043300000000000116,-0.35319999999999996,-1.29,2.0668524027430246,4.6
ESP,2014,0.0,0.00039999999999995595,-0.01200000000000001,-1.8399999999999994,2.29184501265729,1.4
ESP,2015,0.0,-0.21900000000000008,-0.2287,-0.9900000000000002,3.3392988386126365,0.30000000000000027
ESP,2016,0.0,-0.0025999999999999357,-0.24459999999999998,-0.3400000000000001,-1.3375542395098305,0.7999999999999994
ESP,2017,0.0,0.02279999999999993,-0.06420000000000003,0.17000000000000015,0.8922287663976958,0.8000000000000003
ESP,2018,0.0,0.05130000000000012,0.006900000000000017,-0.14000000000000012,-0.5792090183326604,0.3999999999999999
ESP,2019,0.0,-0.06150000000000011,-0.03489999999999999,-0.7599999999999999,-0.19333943703336853,-0.6000000000000001
ESP,2020,0.0,0.022700000000000164,-0.07030000000000003,-0.28,-13.348075683380735,-6.9
ESP,2021,0.0,0.04049999999999998,-0.12170000000000003,-0.030000000000000027,19.340292390328187,3.1000000000000005
ESP,2022,0.0,-0.12970000000000015,0.8973,1.83,1.7722625825002716,2.3
ESP,2023,0.0,0.028299999999999992,3.0850999999999997,1.2999999999999998,-2.1045691843481595,1.1999999999999997
EST,2001,0.0,-0.028000000000000025,-0.12989999999999924,0.16083333333333272,-1.0103023959918467,0.30000000000000004
EST,2002,0.0,0.050000000000000044,-0.9465000000000003,-1.4966666666666661,-1.06187012244785,0.19999999999999996
EST,2003,0.0,0.1856,-0.9900000000000002,0.15249999999999986,-0.29052469035708484,1.3
EST,2004,0.0,0.11270000000000002,-0.22309999999999963,-0.2375000000000007,0.028682877249085692,0.6000000000000001
EST,2005,0.0,0.00019999999999997797,0.07749999999999968,0.6307142857142871,4.201854672539952,-1.2000000000000002
EST,2006,0.0,0.011500000000000066,0.8938999999999999,-3.3832142857142866,3.6076440164210197,1.6
EST,2007,0.0,0.1149,1.1991999999999998,0.7538636363636364,1.2418275252274782,-0.09999999999999964
EST,2008,0.0,0.10030000000000006,0.36630000000000074,-0.49053030303030365,-19.5391870981668,-5.300000000000001
EST,2009,0.0,-0.07600000000000007,-3.4254000000000007,0.136166666666667,-16.282443259753787,-0.10000000000000009
EST,2010,0.0,-0.06909999999999994,-0.4041999999999999,-1.3019999999999996,19.272618137663567,2.2
EST,2011,0.0,0.0662999999999998,0.5791,-0.08333333333333304,9.256203521895113,1.0
EST,2012,0.0,-0.10719999999999996,-0.8197,-0.5216666666666665,-5.535598828209819,-1.0
EST,2013,0.0,0.043300000000000116,-0.35319999999999996,2.889166666666666,-2.0794707040279645,0.20000000000000004
EST,2014,0.0,0.00039999999999995595,-0.01200000000000001,-1.1691666666666674,0.3220530735357885,1.1
EST,2015,0.0,-0.21900000000000008,-0.2287,-2.5133333333333328,-3.1059477880849506,-0.7
EST,2016,0.0,-0.0025999999999999357,-0.24459999999999998,-0.293333333333333,2.43851126638146,-0.4
EST,2017,0.0,0.02279999999999993,-0.06420000000000003,0.38749999999999973,3.9791918373632162,-0.4
EST,2018,0.0,0.05130000000000012,0.006900000000000017,0.07333333333333325,-0.8579081085840823,-0.09999999999999998
EST,2019,0.0,-0.06150000000000011,-0.03489999999999999,0.3958333333333335,-1.0365603066163631,0.5
EST,2020,0.0,0.022700000000000164,-0.07030000000000003,-0.15083333333333293,-9.844095485425996,-5.200000000000001
EST,2021,0.0,0.04049999999999998,-0.12170000000000003,-0.495833333333334,15.063231356827922,2.8000000000000007
EST,2022,0.0,-0.12970000000000015,0.8973,1.5658333333333334,2.941569793313459,1.5
EST,2023,0.0,0.028299999999999992,3.0850999999999997,2.0725,-11.064192925642335,-1.4
FIN,2001,0.0,-0.028000000000000025,-0.12989999999999924,-0.4400000000000004,-1.4531973417351907,-2.0000000000000018
FIN,2002,0.0,0.050000000000000044,-0.9465000000000003,-0.05999999999999961,-3.3857706374645913,-1.5
FIN,2003,0.0,0.1856,-0.9900000000000002,-0.8500000000000005,-0.440768466010355,-1.8999999999999995
FIN,2004,0.0,0.11270000000000002,-0.22309999999999963,-0.019999999999999574,2.4261363444820327,-0.2999999999999998
FIN,2005,0.0,0.00019999999999997797,0.07749999999999968,-0.7600000000000002,-0.8992462321276262,0.40000000000000036
FIN,2006,0.0,0.011500000000000066,0.8938999999999999,0.4299999999999997,1.2442457259347561,1.1999999999999993
FIN,2007,0.0,0.1149,1.1991999999999998,0.5100000000000002,3.2367949344994438,1.0
FIN,2008,0.0,0.10030000000000006,0.36630000000000074,0.0,-4.36769030257318,-0.9000000000000004
FIN,2009,0.0,-0.07600000000000007,-3.4254000000000007,-0.5499999999999998,-10.290018748808262,-6.8
FIN,2010,0.0,-0.06909999999999994,-0.4041999999999999,-0.7300000000000004,9.97238747833784,-2.220446049250313e-16
FIN,2011,0.0,0.0662999999999998,0.5791,0.0,1.5252812472112076,1.7000000000000002
FIN,2012,0.0,-0.10719999999999996,-0.8197,-1.1199999999999999,-3.675842423983866,-1.2000000000000002
FIN,2013,0.0,0.043300000000000116,-0.35319999999999996,-0.029999999999999805,0.17890512397658043,-0.4999999999999998
FIN,2014,0.0,0.00039999999999995595,-0.01200000000000001,-0.41000000000000014,-0.3978186643049275,-0.5
FIN,2015,0.0,-0.21900000000000008,-0.2287,-0.73,0.9480833227194507,0.5
FIN,2016,0.0,-0.0025999999999999357,-0.24459999999999998,-0.35,0.5217263724322851,0.7
FIN,2017,0.0,0.02279999999999993,-0.06420000000000003,0.18000000000000005,1.5384845238133549,0.9
FIN,2018,0.0,0.05130000000000012,0.006900000000000017,0.10999999999999999,-0.9632918816957048,-0.30000000000000004
FIN,2019,0.0,-0.06150000000000011,-0.03489999999999999,-0.5900000000000001,-0.3521430631546085,-0.09999999999999998
FIN,2020,0.0,0.022700000000000164,-0.07030000000000003,-0.29000000000000004,-3.7450323342566816,-4.8
FIN,2021,0.0,0.04049999999999998,-0.12170000000000003,0.13,6.129339147065382,2.5999999999999996
FIN,2022,0.0,-0.12970000000000015,0.8973,1.78,1.7425961846666782,2.6
FIN,2023,0.0,0.028299999999999992,3.0850999999999997,1.35,-4.274499067083082,-2.2
FRA,2001,0.0,-0.028000000000000025,-0.12989999999999924,-0.4499999999999993,-1.7792746041634278,2.220446049250313e-16
FRA,2002,0.0,0.050000000000000044,-0.9465000000000003,-0.08000000000000007,-0.6839308818485268,-1.9000000000000004
FRA,2003,0.0,0.1856,-0.9900000000000002,-0.7300000000000004,-0.36742865647352296,-0.9999999999999996
FRA,2004,0.0,0.11270000000000002,-0.22309999999999963,-0.03000000000000025,1.7621058322239147,0.39999999999999947
FRA,2005,0.0,0.00019999999999997797,0.07749999999999968,-0.6899999999999995,-0.6610218844372406,4.440892098500626e-16
FRA,2006,0.0,0.011500000000000066,0.8938999999999999,0.3899999999999997,0.8779293690366785,0.6999999999999997
FRA,2007,0.0,0.1149,1.1991999999999998,0.5,0.21021065653832327,-0.19999999999999973
FRA,2008,0.0,0.10030000000000006,0.36630000000000074,-0.0699999999999994,-2.2861472392109894,-0.30000000000000027
FRA,2009,0.0,-0.07600000000000007,-3.4254000000000007,-0.5800000000000005,-5.411300929643903,-4.300000000000001
FRA,2010,0.0,-0.06909999999999994,-0.4041999999999999,-0.5299999999999998,5.833146975621828,0.20000000000000018
FRA,2011,0.0,0.0662999999999998,0.5791,0.19999999999999973,0.19824668653640742,2.1000000000000005
FRA,2012,0.0,-0.10719999999999996,-0.8197,-0.7799999999999998,-2.0419389876401794,-4.440892098500626e-16
FRA,2013,0.0,0.043300000000000116,-0.35319999999999996,-0.33999999999999986,0.26760747133129925,-4.440892098500626e-16
FRA,2014,0.0,0.00039999999999995595,-0.01200000000000001,-0.5300000000000002,0.03884476181019725,0.20000000000000107
FRA,2015,0.0,-0.21900000000000008,-0.2287,-0.83,0.6389729486991236,0.49999999999999956
FRA,2016,0.0,-0.0025999999999999357,-0.24459999999999998,-0.37,-0.8315586423266241,0.0
FRA,2017,0.0,0.02279999999999993,-0.06420000000000003,0.3400000000000001,1.3004372619351834,0.30000000000000004
FRA,2018,0.0,0.05130000000000012,0.006900000000000017,-0.030000000000000027,0.09667207476222739,1.1
FRA,2019,0.0,-0.06150000000000011,-0.03489999999999999,-0.65,0.48366502914460874,-0.40000000000000013
FRA,2020,0.0,0.022700000000000164,-0.07030000000000003,-0.28,-7.946760321418444,-6.700000000000001
FRA,2021,0.0,0.04049999999999998,-0.12170000000000003,0.16,12.872491555253617,2.4000000000000012
FRA,2022,0.0,-0.12970000000000015,0.8973,1.69,-2.3139735278494333,2.399999999999999
FRA,2023,0.0,0.028299999999999992,3.0850999999999997,1.2900000000000003,0.4154565809809885,-0.7999999999999998
GBR,1997,0.21565734826943572,0.0778068460611574,0.8052999999999999,-0.7575915000000002,-2.0555383236352087,1.741
GBR,1998,0.033889076533961005,0.01935950332955305,0.5049999999999999,-1.5016337499999999,-0.04059207349389471,1.646
GBR,1999,0.03970003932180055,-0.03944042934165637,-1.8765999999999998,-0.4574327499999997,-0.2485764288221448,0.6990000000000003
GBR,2000,0.12269331853672827,-0.10254710552174773,0.6433,0.2354497499999999,1.030598673217642,0.5919999999999996
GBR,2001,-0.03268979832256114,-0.0752177853728293,-1.1448,-0.3994749999999998,-1.3891076158532245,-1.2339999999999998
GBR,2002,-0.017798212212084108,0.06357266703602438,-0.9836,-0.035258250000000046,-0.17014572074114387,-2.4050000000000002
GBR,2003,-0.1451473296033874,0.13096065350808272,-0.3237000000000001,-0.3676502499999996,1.661876122804662,-1.221
GBR,2004,0.028384292799789268,0.19817084701055387,0.9043999999999994,0.3556752499999991,-0.5044696264219439,0.1080000000000001
GBR,2005,-0.011075969974622568,-0.013484915869216074,0.1189,-0.468375,0.6443950774494889,0.14700000000000002
GBR,2006,0.004440469006712577,0.022393235862307348,0.09050000000000047,0.08778325000000109,-0.5149540178035039,0.4039999999999999
GBR,2007,-0.00559443427541817,0.1608746258980902,1.1509999999999998,0.5095999999999989,-0.30774057238851515,0.18300000000000005
GBR,2008,-0.20542229142348,-0.1555705330602688,-0.4905999999999997,-0.42054999999999954,-1.7619989859182228,-2.571
GBR,2009,-0.13342961555753963,-0.28155144151351896,-4.303,-0.9432084999999999,-5.980990457306811,-5.0489999999999995
GBR,2010,0.04330851007816272,-0.020144441872904872,-0.5068,-0.02309125000000023,6.669004475477502,1.8999999999999995
GBR,2011,-0.013485521306046744,0.05851529413495116,0.1755,-0.48843375,-0.49853034776567995,2.107
GBR,2012,0.08101027896445023,-0.019437374145998776,-0.04910000000000003,-1.2179497499999998,-0.2843331472048183,-0.5120000000000005
GBR,2013,-0.055747604431266584,-0.02063895827059925,-0.31420000000000003,0.4717414999999998,0.8723092962831025,1.1450000000000005
GBR,2014,0.06301439561150857,0.08418562285074516,0.03060000000000007,0.17930000000000001,0.6083432054362126,0.2490000000000001
GBR,2015,0.13720399901844238,-0.11944387449676896,0.031000000000000028,-0.6680497499999998,-1.6597494636132248,0.6139999999999999
GBR,2016,-0.15742806172402313,-0.1778391781739248,-0.07620000000000005,-0.595825,1.0276821677403625,1.393
GBR,2017,-0.0796059615868181,-0.062108333205565636,-0.14,-0.0693999999999999,0.6372964645634305,1.021
GBR,2018,-0.010366185293052999,0.046274422937392146,0.36440000000000006,0.22484974999999996,-1.208077074148206,0.10799999999999998
GBR,2019,0.008936712787948053,-0.05950965415614706,0.08760000000000001,-0.5248331,0.43924974173055187,-0.475
GBR,2020,-0.015276227570405032,0.00841248151075491,-0.5197,-0.561383475,-9.59501157555762,-10.979
GBR,2021,0.039357408840003494,0.09206896955713573,-0.2002,0.413166675,14.346965829709912,6.367
GBR,2022,0.009331100650140867,-0.14105848316989222,1.9291,1.6596834000000003,1.1711329972547535,4.6419999999999995
GBR,2023,-0.022960081048703174,0.008359623947383765,2.9484999999999997,1.6110082499999998,-2.484262299051654,-2.521
GRC,2001,0.0,-0.028000000000000025,-0.12989999999999924,-0.7999999999999998,2.458792036936708,-1.9999999999999991
GRC,2002,0.0,0.050000000000000044,-0.9465000000000003,-0.17999999999999972,-0.5072987493396575,-1.4000000000000004
GRC,2003,0.0,0.1856,-0.9900000000000002,-0.8500000000000005,1.7864979651173183,-2.5
GRC,2004,0.0,0.11270000000000002,-0.22309999999999963,-0.009999999999999787,-1.0553201448263678,-1.1999999999999993
GRC,2005,0.0,0.00019999999999997797,0.07749999999999968,-0.6699999999999999,-5.399915460285242,2.6999999999999993
GRC,2006,0.0,0.011500000000000066,0.8938999999999999,0.4800000000000004,6.918300300337044,0.0
GRC,2007,0.0,0.1149,1.1991999999999998,0.4299999999999997,-3.03266974684564,-0.7000000000000002
GRC,2008,0.0,0.10030000000000006,0.36630000000000074,0.2999999999999998,-2.8693747381989487,-3.2
GRC,2009,0.0,-0.07600000000000007,-3.4254000000000007,0.3700000000000001,-5.971087911074391,-4.9
GRC,2010,0.0,-0.06909999999999994,-0.4041999999999999,3.92,-2.731647083973754,5.0
GRC,2011,0.0,0.0662999999999998,0.5791,6.66,-4.416527491732691,2.500000000000001
GRC,2012,0.0,-0.10719999999999996,-0.8197,6.75,0.35876288910302634,-1.1000000000000005
GRC,2013,0.0,0.043300000000000116,-0.35319999999999996,-12.45,4.449903172856761,-5.499999999999998
GRC,2014,0.0,0.00039999999999995595,-0.01200000000000001,-3.120000000000001,3.041401189731608,9.599999999999998
GRC,2015,0.0,-0.21900000000000008,-0.2287,2.74,0.7438937108451005,-2.5000000000000004
GRC,2016,0.0,-0.0025999999999999357,-0.24459999999999998,-1.3100000000000005,-0.11898421618710131,5.700000000000001
GRC,2017,0.0,0.02279999999999993,-0.06420000000000003,-2.379999999999999,2.20135770257025,0.39999999999999947
GRC,2018,0.0,0.05130000000000012,0.006900000000000017,-1.79,0.14527024352404272,0.5
GRC,2019,0.0,-0.06150000000000011,-0.03489999999999999,-1.6000000000000005,0.7027187152867098,-0.5
GRC,2020,0.0,0.022700000000000164,-0.07030000000000003,-1.3199999999999998,-12.054465619958044,-10.399999999999999
GRC,2021,0.0,0.04049999999999998,-0.12170000000000003,-0.39,19.694534187966873,2.1999999999999993
GRC,2022,0.0,-0.12970000000000015,0.8973,2.6100000000000003,2.444758487293175,4.4
GRC,2023,0.0,0.028299999999999992,3.0850999999999997,0.5099999999999998,-4.268884519346482,2.0999999999999996
HRV,2006,0.0,0.011500000000000066,0.8938999999999999,0.009999999999999787,1.583006274693255,0.9000000000000001
HRV,2007,0.0,0.1149,1.1991999999999998,0.5,0.39238916608028696,-0.20000000000000018
HRV,2008,0.0,0.10030000000000006,0.36630000000000074,1.1100000000000003,-1.9446937467574754,2.220446049250313e-16
HRV,2009,0.0,-0.07600000000000007,-3.4254000000000007,1.79,-11.639373235249227,-4.3
HRV,2010,0.0,-0.06909999999999994,-0.4041999999999999,-1.5600000000000005,3.606398443604119,0.6000000000000005
HRV,2011,0.0,0.0662999999999998,0.5791,0.27000000000000046,1.9961085435286297,-0.8000000000000007
HRV,2012,0.0,-0.10719999999999996,-0.8197,-0.41000000000000014,-2.444077304266923,2.5
HRV,2013,0.0,0.043300000000000116,-0.35319999999999996,-1.4500000000000002,1.480644537628062,0.10000000000000009
HRV,2014,0.0,0.00039999999999995595,-0.01200000000000001,-0.6299999999999999,-1.0379130923916624,0.7000000000000002
HRV,2015,0.0,-0.21900000000000008,-0.2287,-0.52,2.881679419225558,1.5999999999999996
HRV,2016,0.0,-0.0025999999999999357,-0.24459999999999998,-0.04999999999999982,1.0266379186744112,2.2
HRV,2017,0.0,0.02279999999999993,-0.06420000000000003,-0.71,1.0759462440190992,1.0
HRV,2018,0.0,0.05130000000000012,0.006900000000000017,-0.6000000000000001,0.43629466169918807,-0.8000000000000003
HRV,2019,0.0,-0.06150000000000011,-0.03489999999999999,-0.8799999999999999,0.16124697007025013,0.10000000000000053
HRV,2020,0.0,0.022700000000000164,-0.07030000000000003,-0.4600000000000001,-12.725526812014298,-7.6000000000000005
HRV,2021,0.0,0.04049999999999998,-0.12170000000000003,-0.37999999999999995,22.550721087514738,4.1
HRV,2022,0.0,-0.12970000000000015,0.8973,2.25,0.9092130796435338,2.6
HRV,2023,0.0,0.028299999999999992,3.0850999999999997,1.0999999999999996,-0.45427025752135997,-0.7000000000000001
HUN,2002,0.00021863583736460562,0.0004016054485680414,-1.6599999999999984,-0.8600000000000003,-2.3804232279508017,-5.500000000000001
HUN,2003,-0.00017299714165878392,0.0005682173883769866,-0.7000000000000011,-0.2699999999999996,-3.594421503931766,1.6000000000000005
HUN,2004,3.070848427728402e-05,0.0004825638699027411,3.0199999999999996,1.3699999999999992,0.7984027600540067,0.9000000000000004
HUN,2005,5.783007802591129e-05,7.274112311105724e-05,-4.829999999999999,-1.5899999999999999,-3.3253495713686956,-1.4000000000000004
HUN,2006,-0.00024729330158724,-0.0002641398488319388,0.5300000000000002,0.5200000000000005,0.714923873867801,-1.8000000000000007
HUN,2007,0.00019436404198377695,0.0007011749810690781,0.6299999999999999,-0.3799999999999999,-1.9604142308139227,4.400000000000001
HUN,2008,-2.530963230743151e-06,0.0003953226154369766,0.9299999999999988,1.5,0.05082328617194154,1.3999999999999995
HUN,2009,-0.0004087607075572964,-0.0008723142987234296,0.3500000000000014,0.879999999999999,-8.651604317102601,-0.5999999999999996
HUN,2010,6.280324547075543e-05,-0.0001632369395626783,-2.960000000000001,-1.839999999999999,6.436691889326751,-8.881784197001252e-16
HUN,2011,-5.0545181365700166e-05,0.0001703119366372463,0.39000000000000057,0.34999999999999964,0.25492156080544337,-0.7999999999999998
HUN,2012,-0.00012226546648096224,-0.0005408071853484145,1.4800000000000004,0.2599999999999998,-2.3820111965837887,3.4000000000000004
HUN,2013,-8.873915547399913e-05,3.184302113270077e-05,-3.870000000000001,-1.9699999999999998,3.425486191815552,-0.3999999999999999
HUN,2014,-0.00012919172353693074,-0.00017028381360485734,-1.67,-1.1100000000000003,3.259830017677955,-0.6999999999999997
IRL,2001,0.0,-0.028000000000000025,-0.12989999999999924,-0.5,-4.395525642902886,-4.4
IRL,2002,0.0,0.050000000000000044,-0.9465000000000003,0.0,-1.137238484914894,-1.5999999999999999
IRL,2003,0.0,0.1856,-0.9900000000000002,-0.8799999999999999,-4.348753246311987,0.7
IRL,2004,0.0,0.11270000000000002,-0.22309999999999963,-0.04999999999999982,0.2949671179366842,0.9000000000000004
IRL,2005,0.0,0.00019999999999997797,0.07749999999999968,-0.75,1.6509184492253803,0.19999999999999973
IRL,2006,0.0,0.011500000000000066,0.8938999999999999,0.43999999999999995,-0.41109325257189155,1.1999999999999997
IRL,2007,0.0,0.1149,1.1991999999999998,0.5399999999999996,-2.006009067367277,-2.5
IRL,2008,0.0,0.10030000000000006,0.36630000000000074,0.22000000000000064,-11.538240664209576,-7.0
IRL,2009,0.0,-0.07600000000000007,-3.4254000000000007,0.7000000000000002,-4.518770698034379,-6.2
IRL,2010,0.0,-0.06909999999999994,-0.4041999999999999,0.5099999999999998,8.26128037748538,-17.4
IRL,2011,0.0,0.0662999999999998,0.5791,3.8599999999999994,4.767530912768459,19.1
IRL,2012,0.0,-0.10719999999999996,-0.8197,-3.4299999999999997,-1.5176018150554027,5.899999999999999
IRL,2013,0.0,0.043300000000000116,-0.35319999999999996,-2.38,1.534481682584543,2.200000000000001
IRL,2014,0.0,0.00039999999999995595,-0.01200000000000001,-1.42,6.060389926449772,2.3999999999999995
IRL,2015,0.0,-0.21900000000000008,-0.2287,-1.1900000000000002,26.095520367164383,0.20000000000000018
IRL,2016,0.0,-0.0025999999999999357,-0.24459999999999998,-0.43999999999999995,-34.373376436332045,0.9999999999999998
IRL,2017,0.0,0.02279999999999993,-0.06420000000000003,0.06000000000000005,10.356805138095961,0.10000000000000009
IRL,2018,0.0,0.05130000000000012,0.006900000000000017,0.1499999999999999,-3.1618966369012522,0.10000000000000031
IRL,2019,0.0,-0.06150000000000011,-0.03489999999999999,-0.6199999999999999,0.064813668501019,0.0
IRL,2020,0.0,0.022700000000000164,-0.07030000000000003,-0.39,-3.507395211461729,-5.6000000000000005
IRL,2021,0.0,0.04049999999999998,-0.12170000000000003,0.12,12.436407742803011,3.2
IRL,2022,0.0,-0.12970000000000015,0.8973,1.69,-1.566914226701119,3.0
IRL,2023,0.0,0.028299999999999992,3.0850999999999997,1.12,-18.073727709228706,-0.09999999999999964
ITA,2001,0.0,-0.028000000000000025,-0.12989999999999924,-0.3899999999999997,-0.5744086773860957,-0.8999999999999999
ITA,2002,0.0,0.050000000000000044,-0.9465000000000003,-0.16000000000000014,-1.5480312643739058,-0.2999999999999994
ITA,2003,0.0,0.1856,-0.9900000000000002,-0.7800000000000002,-0.34793237694292767,-0.8000000000000003
ITA,2004,0.0,0.11270000000000002,-0.22309999999999963,0.009999999999999787,0.9066192658738981,-0.6000000000000005
ITA,2005,0.0,0.00019999999999997797,0.07749999999999968,-0.6999999999999997,-1.2800399681348829,-0.6999999999999993
ITA,2006,0.0,0.011500000000000066,0.8938999999999999,0.48999999999999977,1.1927404662628538,0.3999999999999999
ITA,2007,0.0,0.1149,1.1991999999999998,0.4400000000000004,-0.09013788335223705,2.6
ITA,2008,0.0,0.10030000000000006,0.36630000000000074,0.1899999999999995,-2.6082538687330237,-1.1
ITA,2009,0.0,-0.07600000000000007,-3.4254000000000007,-0.3700000000000001,-4.983508508330036,-2.9999999999999996
ITA,2010,0.0,-0.06909999999999994,-0.4041999999999999,-0.2699999999999996,5.762741425372242,0.7999999999999989
ITA,2011,0.0,0.0662999999999998,0.5791,1.38,0.30018288045676744,1.0
ITA,2012,0.0,-0.10719999999999996,-0.8197,0.07000000000000028,-3.9123323009622513,1.0
ITA,2013,0.0,0.043300000000000116,-0.35319999999999996,-1.17,0.7633542762503387,-0.19999999999999973
ITA,2014,0.0,0.00039999999999995595,-0.01200000000000001,-1.4300000000000002,1.6138586752792006,-0.10000000000000009
ITA,2015,0.0,-0.21900000000000008,-0.2287,-1.1800000000000002,0.7742263433214269,-0.20000000000000018
ITA,2016,0.0,-0.0025999999999999357,-0.24459999999999998,-0.21999999999999997,0.824446179373961,-0.09999999999999964
ITA,2017,0.0,0.02279999999999993,-0.06420000000000003,0.6199999999999999,-0.17491801174289723,-0.2999999999999998
ITA,2018,0.0,0.05130000000000012,0.006900000000000017,0.5,-0.4188269228734276,0.19999999999999973
ITA,2019,0.0,-0.06150000000000011,-0.03489999999999999,-0.6599999999999999,-0.4254153562148977,0.3999999999999999
ITA,2020,0.0,0.022700000000000164,-0.07030000000000003,-0.78,-8.911368802126475,-7.8
ITA,2021,0.0,0.04049999999999998,-0.12170000000000003,-0.3599999999999999,17.759704257125975,0.5
ITA,2022,0.0,-0.12970000000000015,0.8973,2.35,-1.9411079262961817,1.5
ITA,2023,0.0,0.028299999999999992,3.0850999999999997,1.12,-1.830909846539197,0.5
LTU,2002,0.0,0.050000000000000044,-0.9465000000000003,-2.0900000000000007,0.9091203847378271,1.4000000000000001
LTU,2003,0.0,0.1856,-0.9900000000000002,-0.7399999999999993,2.59741667720923,0.4999999999999998
LTU,2004,0.0,0.11270000000000002,-0.22309999999999963,-0.8200000000000003,0.17201084353424356,-0.3999999999999998
LTU,2005,0.0,0.00019999999999997797,0.07749999999999968,-0.7999999999999998,4.7715992320736635,0.9999999999999999
LTU,2006,0.0,0.011500000000000066,0.8938999999999999,0.3799999999999999,-0.2373904850904598,-0.10000000000000003
LTU,2007,0.0,0.1149,1.1991999999999998,0.45999999999999996,6.617383400368524,-0.5
LTU,2008,0.0,0.10030000000000006,0.36630000000000074,1.0700000000000003,-8.409452547973029,-2.3000000000000003
LTU,2009,0.0,-0.07600000000000007,-3.4254000000000007,8.39,-30.03755948833884,-5.499999999999999
LTU,2010,0.0,-0.06909999999999994,-0.4041999999999999,-8.43,20.027274595065304,2.799999999999999
LTU,2011,0.0,0.0662999999999998,0.5791,-0.41000000000000014,9.743756944682591,1.1000000000000005
LTU,2012,0.0,-0.10719999999999996,-0.8197,-0.33000000000000007,-5.303538315466171,2.9
LTU,2013,0.0,0.043300000000000116,-0.35319999999999996,-1.0,-2.0834125146398375,0.19999999999999996
LTU,2014,0.0,0.00039999999999995595,-0.01200000000000001,-1.04,-0.5097875168796229,0.8
LTU,2015,0.0,-0.21900000000000008,-0.2287,-1.4100000000000001,-1.5741808275726576,0.9000000000000001
LTU,2016,0.0,-0.0025999999999999357,-0.24459999999999998,-0.47999999999999987,0.8552952374114797,0.5999999999999999
LTU,2017,0.0,0.02279999999999993,-0.06420000000000003,-0.5900000000000001,5.211228974170057,0.20000000000000018
LTU,2018,0.0,0.05130000000000012,0.006900000000000017,0.0,-0.20909829758817366,-0.10000000000000009
LTU,2019,0.0,-0.06150000000000011,-0.03489999999999999,0.0,-1.5236800460979296,-0.19999999999999996
LTU,2020,0.0,0.022700000000000164,-0.07030000000000003,-0.09,-5.081792029909105,-7.0
LTU,2021,0.0,0.04049999999999998,-0.12170000000000003,-0.06,10.680172879182726,5.1
LTU,2022,0.0,-0.12970000000000015,0.8973,0.44999999999999996,6.249084942458573,0.20000000000000012
LTU,2023,0.0,0.028299999999999992,3.0850999999999997,2.27,-9.616958753342633,0.3
LUX,2001,0.0,-0.028000000000000025,-0.12989999999999924,-0.6599999999999993,-7.97710163077745,0.09999999999999964
LUX,2002,0.0,0.050000000000000044,-0.9465000000000003,-0.16000000000000014,0.8481493734153744,-3.5999999999999996
LUX,2003,0.0,0.1856,-0.9900000000000002,-1.3800000000000003,0.12560272509731796,-1.7999999999999998
LUX,2004,0.0,0.11270000000000002,-0.22309999999999963,-0.48,2.6184950807411456,-1.7
LUX,2005,0.0,0.00019999999999997797,0.07749999999999968,-0.4299999999999997,-0.06132578484476792,1.2
LUX,2006,0.0,0.011500000000000066,0.8938999999999999,0.8899999999999997,5.439738608746558,2.1
LUX,2007,0.0,0.1149,1.1991999999999998,1.1600000000000001,-2.714998782315181,2.6
LUX,2008,0.0,0.10030000000000006,0.36630000000000074,0.15000000000000036,-3.8544850492515437,-1.0000000000000004
LUX,2009,0.0,-0.07600000000000007,-3.4254000000000007,-0.3799999999999999,-8.686739858526272,-3.4999999999999996
LUX,2010,0.0,-0.06909999999999994,-0.4041999999999999,-1.0600000000000005,10.98038776606184,-0.09999999999999998
LUX,2011,0.0,0.0662999999999998,0.5791,-0.25,-4.053812749395203,1.0999999999999999
LUX,2012,0.0,-0.10719999999999996,-0.8197,-1.0999999999999999,0.43969830135430765,-0.19999999999999996
LUX,2013,0.0,0.043300000000000116,-0.35319999999999996,0.030000000000000027,0.5505170278264027,0.30000000000000004
LUX,2014,0.0,0.00039999999999995595,-0.01200000000000001,-0.51,-0.027035874923098113,0.40000000000000013
LUX,2015,0.0,-0.21900000000000008,-0.2287,-0.9700000000000001,-0.9537072300137561,0.0
LUX,2016,0.0,-0.0025999999999999357,-0.24459999999999998,-0.12,-0.7238714390258361,0.5999999999999996
LUX,2017,0.0,0.02279999999999993,-0.06420000000000003,0.29000000000000004,-0.3272137285146526,-0.5
LUX,2018,0.0,0.05130000000000012,0.006900000000000017,0.020000000000000018,-0.1318487722064665,1.7000000000000002
LUX,2019,0.0,-0.06150000000000011,-0.03489999999999999,-0.68,0.486299166791726,-0.5
LUX,2020,0.0,0.022700000000000164,-0.07030000000000003,-0.29,-0.49058370916581495,-5.9
LUX,2021,0.0,0.04049999999999998,-0.12170000000000003,0.04999999999999999,8.793037850716079,4.0
LUX,2022,0.0,-0.12970000000000015,0.8973,2.09,-5.003075005281343,-0.7000000000000001
LUX,2023,0.0,0.028299999999999992,3.0850999999999997,1.2400000000000002,-4.845427825278237,-0.8
LVA,2002,0.0,0.050000000000000044,-0.9465000000000003,-2.16,1.9222605433269813,-0.5999999999999999
LVA,2003,0.0,0.1856,-0.9900000000000002,-0.5099999999999998,1.2086430239785173,0.8999999999999999
LVA,2004,0.0,0.11270000000000002,-0.22309999999999963,-0.040000000000000036,3.8714012451736437,0.40000000000000013
LVA,2005,0.0,0.00019999999999997797,0.07749999999999968,-0.9800000000000004,7.0190193287608125,0.4999999999999999
LVA,2006,0.0,0.011500000000000066,0.8938999999999999,0.25,1.089763837911395,-0.19999999999999996
LVA,2007,0.0,0.1149,1.1991999999999998,1.1500000000000004,7.637902949872991,-0.09999999999999998
LVA,2008,0.0,0.10030000000000006,0.36630000000000074,1.1499999999999995,-23.434479418905244,-3.7
LVA,2009,0.0,-0.07600000000000007,-3.4254000000000007,5.93,-29.418791735089588,-4.300000000000001
LVA,2010,0.0,-0.06909999999999994,-0.4041999999999999,-2.0199999999999996,16.72457634409925,1.2000000000000002
LVA,2011,0.0,0.0662999999999998,0.5791,-4.43,12.015563926660278,4.4
LVA,2012,0.0,-0.10719999999999996,-0.8197,-1.3399999999999999,2.5058515748500385,2.8
LVA,2013,0.0,0.043300000000000116,-0.35319999999999996,-1.2300000000000004,-6.357109017707497,0.10000000000000009
LVA,2014,0.0,0.00039999999999995595,-0.01200000000000001,-0.8300000000000001,-0.23678027094435894,-0.6000000000000001
LVA,2015,0.0,-0.21900000000000008,-0.2287,-1.5499999999999998,0.38523925645455037,0.10000000000000009
LVA,2016,0.0,-0.0025999999999999357,-0.24459999999999998,-0.42999999999999994,-1.009999307317111,1.3
LVA,2017,0.0,0.02279999999999993,-0.06420000000000003,0.29999999999999993,3.0249695422699174,-0.40000000000000013
LVA,2018,0.0,0.05130000000000012,0.006900000000000017,0.07000000000000006,2.0110907087819605,-1.2999999999999998
LVA,2019,0.0,-0.06150000000000011,-0.03489999999999999,-0.56,-3.190074883881456,1.2
LVA,2020,0.0,0.022700000000000164,-0.07030000000000003,-0.4,-6.180125643610435,-3.9999999999999996
LVA,2021,0.0,0.04049999999999998,-0.12170000000000003,0.06,11.633222670589772,-3.3000000000000007
LVA,2022,0.0,-0.12970000000000015,0.8973,2.27,1.3528942156574963,2.3
LVA,2023,0.0,0.028299999999999992,3.0850999999999997,1.56,-3.6040745017690288,2.7
MLT,2002,0.0,0.050000000000000044,-0.9465000000000003,-0.3700000000000001,1.8631594848335542,0.899999999999999
MLT,2003,0.0,0.1856,-0.9900000000000002,-0.7800000000000002,0.35876068776621306,-3.9999999999999996
MLT,2004,0.0,0.11270000000000002,-0.22309999999999963,-0.34999999999999964,-2.8745108142671727,5.0
MLT,2005,0.0,0.00019999999999997797,0.07749999999999968,-0.13000000000000078,1.9714069946314305,1.5
MLT,2006,0.0,0.011500000000000066,0.8938999999999999,-0.23999999999999932,-0.23873291020617415,0.20000000000000018
MLT,2007,0.0,0.1149,1.1991999999999998,0.39999999999999947,2.7269027489145614,0.19999999999999973
MLT,2008,0.0,0.10030000000000006,0.36630000000000074,0.08999999999999986,0.5420253088687987,-2.1999999999999997
MLT,2009,0.0,-0.07600000000000007,-3.4254000000000007,-0.2699999999999996,-7.112165933533943,0.8999999999999999
MLT,2010,0.0,-0.06909999999999994,-0.4041999999999999,-0.34999999999999964,8.316071346974118,0.6999999999999997
MLT,2011,0.0,0.0662999999999998,0.5791,0.2999999999999998,-6.64637094391407,-0.6999999999999997
MLT,2012,0.0,-0.10719999999999996,-0.8197,-0.3600000000000003,3.8625962351668486,-0.5
MLT,2013,0.0,0.043300000000000116,-0.35319999999999996,-0.77,2.3374170178071862,0.9999999999999996
MLT,2014,0.0,0.00039999999999995595,-0.01200000000000001,-0.75,1.3866908550045132,0.5000000000000004
MLT,2015,0.0,-0.21900000000000008,-0.2287,-1.1199999999999999,4.148956051852769,0.3999999999999997
MLT,2016,0.0,-0.0025999999999999357,-0.24459999999999998,-0.6,-7.934985357033185,1.6000000000000003
MLT,2017,0.0,0.02279999999999993,-0.06420000000000003,0.39,9.094587125793296,1.9999999999999996
MLT,2018,0.0,0.05130000000000012,0.006900000000000017,0.10999999999999988,-6.267170783424914,-1.7999999999999998
MLT,2019,0.0,-0.06150000000000011,-0.03489999999999999,-0.7199999999999999,-2.423493906488372,-1.2999999999999998
MLT,2020,0.0,0.022700000000000164,-0.07030000000000003,-0.19000000000000006,-8.39434309144924,-9.5
MLT,2021,0.0,0.04049999999999998,-0.12170000000000003,0.020000000000000018,17.913557250340517,1.4999999999999991
MLT,2022,0.0,-0.12970000000000015,0.8973,1.9100000000000001,-6.793439344362074,1.7000000000000002
MLT,2023,0.0,0.028299999999999992,3.0850999999999997,1.2999999999999998,3.7811957823161055,0.7999999999999998
NLD,2001,0.0,-0.028000000000000025,-0.12989999999999924,-0.4400000000000004,-0.8276552800305925,-2.0
NLD,2002,0.0,0.050000000000000044,-0.9465000000000003,-0.07000000000000028,-2.6672137628126036,-2.0
NLD,2003,0.0,0.1856,-0.9900000000000002,-0.7699999999999996,-1.7468545107824474,-1.2000000000000002
NLD,2004,0.0,0.11270000000000002,-0.22309999999999963,-0.020000000000000462,0.8517484597860836,1.3
NLD,2005,0.0,0.00019999999999997797,0.07749999999999968,-0.7299999999999995,0.8159136463947059,1.2
NLD,2006,0.0,0.011500000000000066,0.8938999999999999,0.4099999999999997,2.1513233678137844,0.30000000000000027
NLD,2007,0.0,0.1149,1.1991999999999998,0.5100000000000002,-0.19078048186631502,-0.30000000000000004
NLD,2008,0.0,0.10030000000000006,0.36630000000000074,-0.05999999999999961,-1.4342152004388042,0.30000000000000004
NLD,2009,0.0,-0.07600000000000007,-3.4254000000000007,-0.5400000000000005,-7.823816810760508,-5.1
NLD,2010,0.0,-0.06909999999999994,-0.4041999999999999,-0.6999999999999997,5.282635396993818,-0.40000000000000036
NLD,2011,0.0,0.0662999999999998,0.5791,0.0,-0.01865977711008604,0.8999999999999995
NLD,2012,0.0,-0.10719999999999996,-0.8197,-1.0600000000000003,-1.6820486345647812,0.4000000000000008
NLD,2013,0.0,0.043300000000000116,-0.35319999999999996,0.030000000000000027,0.776093248373666,0.8999999999999997
NLD,2014,0.0,0.00039999999999995595,-0.01200000000000001,-0.51,0.8478879691904417,0.4999999999999998
NLD,2015,0.0,-0.21900000000000008,-0.2287,-0.76,1.0656416390367074,0.20000000000000018
NLD,2016,0.0,-0.0025999999999999357,-0.24459999999999998,-0.39999999999999997,-0.02433846219438429,1.9
NLD,2017,0.0,0.02279999999999993,-0.06420000000000003,0.23000000000000004,1.2573689205926497,0.8999999999999999
NLD,2018,0.0,0.05130000000000012,0.006900000000000017,0.05999999999999994,0.5884574539786414,0.10000000000000009
NLD,2019,0.0,-0.06150000000000011,-0.03489999999999999,-0.6499999999999999,0.548253116402253,0.20000000000000018
NLD,2020,0.0,0.022700000000000164,-0.07030000000000003,-0.31,-7.000961038240405,-5.5
NLD,2021,0.0,0.04049999999999998,-0.12170000000000003,0.04999999999999999,10.799961716014593,1.2000000000000002
NLD,2022,0.0,-0.12970000000000015,0.8973,1.71,2.2744135381381323,2.3000000000000003
NLD,2023,0.0,0.028299999999999992,3.0850999999999997,1.4100000000000001,-4.0472546392451125,-0.30000000000000004
POL,2002,-0.013081761999453045,0.0012460727763312918,-7.09,-3.3199999999999994,-0.7240699919221605,-0.2999999999999998
POL,2003,-0.031948586152618724,0.011975070175287456,-3.3000000000000007,-1.58,0.574550801395235,-1.2000000000000002
POL,2004,-0.0063867896189812035,0.01767143748068456,0.5200000000000005,1.12,5.949723940796603,0.8000000000000003
POL,2005,0.02766411768014751,0.03446111012600933,-0.9199999999999999,-1.6800000000000006,-4.305594914713162,0.8999999999999999
POL,2006,0.008109381222502543,0.013040702324222053,-1.0700000000000003,0.010000000000000675,2.092821848975368,0.2999999999999998
POL,2007,0.00761146686423575,0.03992405878054195,0.5300000000000002,0.25,2.7498842436231463,1.4000000000000004
POL,2008,0.020438367201811025,0.05656919459597193,1.62,0.5899999999999999,-2.3216204287832554,-1.8000000000000003
POL,2009,-0.05365497294066876,-0.09647743121564711,-1.9400000000000004,0.04999999999999982,-1.8860935014178626,-3.3000000000000007
POL,2010,0.019256728771315706,0.009561365546570777,-0.5,-0.33999999999999986,-1.8062549165660746,-0.09999999999999964
POL,2011,-0.007648585086300841,0.005950160572961549,0.6200000000000001,0.17999999999999972,3.684105526643777,2.4000000000000004
POL,2012,-0.0037173481951360277,-0.030791677753034263,0.3700000000000001,-0.96,-4.754070593921833,1.4000000000000004
POL,2013,-0.0007287103465041522,0.009379417032576831,-1.9000000000000004,-0.9699999999999998,-2.7711534756924783,-0.6000000000000005
POL,2014,0.0007515543831370097,0.0010937348163417848,-0.44999999999999973,-0.5100000000000002,3.4646180185801123,0.0
PRT,2001,0.0,-0.028000000000000025,-0.12989999999999924,-0.4299999999999997,-1.6350255139764514,-1.5
PRT,2002,0.0,0.050000000000000044,-0.9465000000000003,-0.15000000000000036,-0.7388717301076042,1.2000000000000002
PRT,2003,0.0,0.1856,-0.9900000000000002,-0.8300000000000001,-2.5282949428562684,-2.5
PRT,2004,0.0,0.11270000000000002,-0.22309999999999963,-0.040000000000000036,1.7665063434367578,-0.6000000000000001
PRT,2005,0.0,0.00019999999999997797,0.07749999999999968,-0.6999999999999997,-0.0904525039879811,0.10000000000000053
PRT,2006,0.0,0.011500000000000066,0.8938999999999999,0.4700000000000002,0.7205500870991255,2.099999999999999
PRT,2007,0.0,0.1149,1.1991999999999998,0.5099999999999998,0.6859097298763883,1.5000000000000004
PRT,2008,0.0,0.10030000000000006,0.36630000000000074,0.09999999999999964,-3.4847273986131855,-0.7999999999999998
PRT,2009,0.0,-0.07600000000000007,-3.4254000000000007,-0.3099999999999996,-4.120790549792652,-6.200000000000001
PRT,2010,0.0,-0.06909999999999994,-0.4041999999999999,1.1900000000000004,4.591659804863102,-1.5999999999999996
PRT,2011,0.0,0.0662999999999998,0.5791,4.84,-4.50292800381189,5.1
PRT,2012,0.0,-0.10719999999999996,-0.8197,0.3100000000000005,-2.442500789130941,2.0
PRT,2013,0.0,0.043300000000000116,-0.35319999999999996,-4.260000000000001,5.679866889431484,1.0
PRT,2014,0.0,0.00039999999999995595,-0.01200000000000001,-2.54,0.203432022104022,-2.2
PRT,2015,0.0,-0.21900000000000008,-0.2287,-1.33,2.112145403109933,2.6000000000000005
PRT,2016,0.0,-0.0025999999999999357,-0.24459999999999998,0.75,0.3119487025335266,2.1999999999999997
PRT,2017,0.0,0.02279999999999993,-0.06420000000000003,-0.1200000000000001,1.0023526638031965,-1.4999999999999996
PRT,2018,0.0,0.05130000000000012,0.006900000000000017,-1.2099999999999997,-0.04449063312554902,2.1999999999999997
PRT,2019,0.0,-0.06150000000000011,-0.03489999999999999,-1.08,-0.22278232676447018,0.10000000000000009
PRT,2020,0.0,0.022700000000000164,-0.07030000000000003,-0.35000000000000003,-10.904492789126884,-6.0
PRT,2021,0.0,0.04049999999999998,-0.12170000000000003,-0.10999999999999999,13.964836948139837,2.6
PRT,2022,0.0,-0.12970000000000015,0.8973,1.8699999999999999,4.994753737658208,1.9999999999999998
PRT,2023,0.0,0.028299999999999992,3.0850999999999997,1.0700000000000003,-3.0825424789562508,1.7
ROU,2006,0.0074491430204300935,0.01252914994181975,-0.2599999999999998,0.2400000000000002,2.2513304076783314,-1.7
ROU,2007,0.016199529576885918,0.05478980402866973,-0.8499999999999996,-0.10000000000000053,4.707178052423089,-0.7999999999999996
ROU,2008,-0.028275827987604696,-0.011515830436016172,5.02,0.5700000000000003,2.6187894775490754,-2.6000000000000005
ROU,2009,-0.03569265716810063,-0.07042171122300894,-0.9199999999999999,1.9899999999999993,-28.463788946275592,-2.8999999999999995
ROU,2010,0.0015510120488562151,-0.014241377514430054,-4.83,-2.3499999999999996,3.445451940324018,2.3
ROU,2011,-0.0015065017293614813,0.01364294294537105,-0.9399999999999995,-0.04999999999999982,6.8625744413765455,1.6
ROU,2012,-0.011648686637587308,-0.040254619277825254,-0.47000000000000064,-0.6100000000000003,-2.8707888626209765,1.9
ROU,2013,0.0020450990831983318,0.012426140269732988,-1.1299999999999994,-1.2699999999999996,-4.1091425459617525,1.4
ROU,2014,-0.0012578481641092598,-0.0015805330692280628,-1.7000000000000002,-0.9199999999999999,4.223481111820737,0.8
SVK,2002,0.0,0.050000000000000044,-0.9465000000000003,-1.1099999999999994,0.1846094169823278,-1.1000000000000005
SVK,2003,0.0,0.1856,-0.9900000000000002,-1.9399999999999995,1.9252093674200896,5.000000000000001
SVK,2004,0.0,0.11270000000000002,-0.22309999999999963,0.040000000000000036,1.0457963219773436,-0.3999999999999999
SVK,2005,0.0,0.00019999999999997797,0.07749999999999968,-1.5100000000000002,-2.310151242130143,-1.0000000000000002
SVK,2006,0.0,0.011500000000000066,0.8938999999999999,0.8900000000000001,2.776705500516762,-0.9000000000000001
SVK,2007,0.0,0.1149,1.1991999999999998,0.08000000000000007,0.04396341564718753,1.2000000000000002
SVK,2008,0.0,0.10030000000000006,0.36630000000000074,0.22999999999999954,-3.614938096517296,-0.20000000000000018
SVK,2009,0.0,-0.07600000000000007,-3.4254000000000007,-0.009999999999999787,-15.074876712617936,-5.6
SVK,2010,0.0,-0.06909999999999994,-0.4041999999999999,-0.8399999999999999,13.859203520806073,0.5999999999999988
SVK,2011,0.0,0.0662999999999998,0.5791,0.5800000000000001,-3.06941010904227,3.2
SVK,2012,0.0,-0.10719999999999996,-0.8197,0.09999999999999964,-1.2945855505730686,0.2999999999999998
SVK,2013,0.0,0.043300000000000116,-0.35319999999999996,-1.3599999999999999,-1.687909895807449,1.6000000000000005
SVK,2014,0.0,0.00039999999999995595,-0.01200000000000001,-1.12,1.330527788150615,-0.30000000000000027
SVK,2015,0.0,-0.21900000000000008,-0.2287,-1.1799999999999997,2.409845700669222,0.3000000000000005
SVK,2016,0.0,-0.0025999999999999357,-0.24459999999999998,-0.35,-3.4322267288201536,0.09999999999999964
SVK,2017,0.0,0.02279999999999993,-0.06420000000000003,0.38,2.5412465604020884,1.3
SVK,2018,0.0,0.05130000000000012,0.006900000000000017,-0.030000000000000027,2.1658603136444077,-0.09999999999999987
SVK,2019,0.0,-0.06150000000000011,-0.03489999999999999,-0.64,-1.5247272974501236,-0.30000000000000004
SVK,2020,0.0,0.022700000000000164,-0.07030000000000003,-0.29,-4.971702073877637,-4.1
SVK,2021,0.0,0.04049999999999998,-0.12170000000000003,-0.04,8.339382355071866,0.10000000000000009
SVK,2022,0.0,-0.12970000000000015,0.8973,2.15,-0.12705506750463247,3.3
SVK,2023,0.0,0.028299999999999992,3.0850999999999997,1.58,3.6821798083277892,-3.3
SVN,2003,0.0,0.1856,-0.9900000000000002,-2.3100000000000005,-2.112800170161643,-0.40000000000000036
SVN,2004,0.0,0.11270000000000002,-0.22309999999999963,-1.7200000000000006,-0.9822612046009862,0.40000000000000013
SVN,2005,0.0,0.00019999999999997797,0.07749999999999968,-0.8699999999999997,-2.642276368460773,0.5000000000000002
SVN,2006,0.0,0.011500000000000066,0.8938999999999999,0.040000000000000036,2.848920247171761,-0.10000000000000031
SVN,2007,0.0,0.1149,1.1991999999999998,0.6800000000000002,3.375694605716049,1.1
SVN,2008,0.0,0.10030000000000006,0.36630000000000074,0.08000000000000007,-3.610129768467173,-1.4999999999999998
SVN,2009,0.0,-0.07600000000000007,-3.4254000000000007,-0.23000000000000043,-13.094763794367148,-4.300000000000001
SVN,2010,0.0,-0.06909999999999994,-0.4041999999999999,-0.5499999999999998,5.680831842983259,0.7000000000000011
SVN,2011,0.0,0.0662999999999998,0.5791,1.1399999999999997,1.4134028674697596,-0.9000000000000012
SVN,2012,0.0,-0.10719999999999996,-0.8197,0.8399999999999999,-4.335897991383031,2.6000000000000005
SVN,2013,0.0,0.043300000000000116,-0.35319999999999996,0.0,2.6068136749007875,-6.3999999999999995
SVN,2014,0.0,0.00039999999999995595,-0.01200000000000001,-2.5399999999999996,3.111922161845526,7.3999999999999995
SVN,2015,0.0,-0.21900000000000008,-0.2287,-1.56,-0.1302612645793788,1.7000000000000002
SVN,2016,0.0,-0.0025999999999999357,-0.24459999999999998,-0.56,0.6654787328751244,0.6000000000000001
SVN,2017,0.0,0.02279999999999993,-0.06420000000000003,-0.18999999999999995,2.581736450721528,1.5
SVN,2018,0.0,0.05130000000000012,0.006900000000000017,-0.029999999999999916,0.1268102382274261,0.2999999999999998
SVN,2019,0.0,-0.06150000000000011,-0.03489999999999999,-0.65,-0.7294098137981875,-0.6000000000000001
SVN,2020,0.0,0.022700000000000164,-0.07030000000000003,-0.2,-8.870146829420412,-8.399999999999999
SVN,2021,0.0,0.04049999999999998,-0.12170000000000003,-0.009999999999999995,14.249343326555596,2.7
SVN,2022,0.0,-0.12970000000000015,0.8973,1.8199999999999998,-1.912736129521452,1.4999999999999996
SVN,2023,0.0,0.028299999999999992,3.0850999999999997,1.51,2.982431183854194,0.4999999999999998
SWE,1996,0.010284636123167448,0.0089542007688935,-2.8064,-2.210000000000001,-5.175758812136921,4.0
SWE,1997,-0.0018530491906240537,-0.018038501780194643,-1.5915999999999997,-1.4099999999999993,1.8342696705030859,1.2999999999999998
SWE,1998,-0.003431724381288914,-0.00533842882269045,-0.07120000000000015,-1.63,0.5402291708335172,1.6999999999999997
SWE,1999,0.0013804206314216583,-0.004731150140587184,-1.0286000000000004,-0.009999999999999787,0.09755116295551147,-0.7000000000000002
SWE,2000,0.004870861077220706,-0.011646603393155042,0.7330000000000001,0.3899999999999997,1.0286893342961179,2.000000000000001
SWE,2001,-0.010361922609548976,-0.012595630713438305,0.06189999999999962,-0.2599999999999998,-2.2900744800419037,-2.3000000000000007
SWE,2002,0.0011086618777000345,0.006450777441658284,0.14280000000000026,0.1899999999999995,-0.04765670729207638,-2.6999999999999997
SWE,2003,0.0004414524648325008,0.02075894684334989,-1.024,-0.6600000000000001,-0.17456284622137108,-0.4999999999999998
SWE,2004,-1.2011732378885975e-06,0.012350273686829769,-0.9381999999999997,-0.20999999999999996,0.8479379591135983,1.2
SWE,2005,-0.0018643680516928773,-0.002297540803396836,-0.4177000000000002,-1.0499999999999998,-1.0325133388350949,1.8000000000000003
SWE,2006,0.0003236276407382055,0.001645277291687508,0.6759999999999999,0.3200000000000003,2.924735974986703,0.09999999999999964
SWE,2007,5.023122399649971e-05,0.012484557660122048,1.3121,0.46999999999999975,-0.26037808720762445,1.0999999999999996
SWE,2008,-0.004104942546099791,0.0048055765234556735,0.8933,-0.2799999999999998,-3.835901496194749,-1.5999999999999996
SWE,2009,-0.00983205776628987,-0.02161790593213489,-3.8522,-0.6400000000000001,-4.404496826128501,-3.1
SWE,2010,0.010681538809531307,0.007653373209917047,0.017199999999999993,-0.3599999999999999,8.837301093264072,0.6
SWE,2011,0.005892946136669949,0.015154634005793338,1.5211000000000001,-0.28000000000000025,-2.523681874578587,-0.20000000000000007
SWE,2012,0.004143961914815336,-0.006547639986601711,-0.4529000000000001,-1.0199999999999998,-3.7854441719266108,-0.9999999999999999
SWE,2013,0.0006985065133305463,0.005902353611256073,-0.8083,0.53,1.6297569226006559,-0.5000000000000001
SWE,2014,-0.005678665815633255,-0.0074978727790902255,-0.5360999999999999,-0.40000000000000013,2.0096716482184362,-0.4
SWE,2015,-0.0029963754520601626,-0.02739438019619793,-0.8595,-1.0,2.5924071956183514,1.3
SWE,2016,-0.0013029631346853643,-0.0017202207068478526,-0.2908,-0.17999999999999994,-2.7223735321776354,1.2
SWE,2017,-0.0018216933081043052,0.00034991571723816395,-0.009699999999999986,0.10999999999999999,0.051766384538787236,0.30000000000000027
SWE,2018,-0.006305155801587137,-0.0021221059117220303,0.10699999999999998,0.0,0.47652323503495353,-0.5000000000000002
SWE,2019,-0.003045306823004329,-0.00940436638281443,0.3658,-0.61,0.4631473581089285,-0.3999999999999999
SWE,2020,0.0009394314778737728,0.0032167324529544516,0.1069,-0.08,-5.2796595932688035,-3.7
SWE,2021,0.0031799887786157777,0.007623707353831305,-0.1207,0.31,9.088510868278965,3.0000000000000004
SWE,2022,-0.0044792350802372455,-0.01749936750159499,1.0778999999999999,1.26,-1.5152664568778054,1.4
SWE,2023,-0.006959797031101514,-0.004863251770491725,2.6666999999999996,0.9799999999999998,-1.506304614864007,-1.4
USA,2002,-0.059040286446466306,0.0,-1.9847000000000001,-0.40666650000000004,0.052125183366991124,-3.4859999999999998
USA,2003,-0.17351263770321923,0.0,-0.5773999999999999,-0.5958335000000003,1.5442385511724943,-1.0949999999999998
USA,2004,-0.08009382817854094,0.0,0.4094,0.2591665000000001,1.8152239612942545,0.46099999999999985
USA,2005,-0.0001292377051599347,0.0,1.9422,0.015833500000000278,0.08790008510304315,1.267
USA,2006,-0.00736192253367729,0.0,1.6302999999999996,0.50166675,-0.7739847747618933,1.01
USA,2007,-0.0667712769376193,0.0,0.10020000000000007,-0.16250000000000053,-1.1868477815223821,-0.773
USA,2008,-0.049758613672436725,0.0,-2.3691999999999998,-0.9625002499999997,-2.7249084811276747,-3.7420000000000004
USA,2009,0.03704657237703057,0.0,-2.2420999999999998,-0.4099997499999999,-4.018098290401195,-6.699
USA,2010,0.03736980678392965,0.0,-0.34209999999999996,-0.04249999999999998,5.918839311260459,2.322000000000001
USA,2011,-0.03592766866170882,0.0,-0.006400000000000017,-0.4283332500000001,-0.2834433540029657,1.5459999999999994
USA,2012,0.059940453185611364,0.0,0.09289999999999998,-0.9833334999999999,0.534120288707518,1.5149999999999997
USA,2013,-0.025375908035552674,0.0,-0.1629,0.5483334999999998,-0.33815225150977124,3.321
USA,2014,-0.00022670842295746674,0.0,-0.0335,0.18999975000000013,0.45363657029524607,0.528
USA,2015,0.1485782536729443,0.0,0.08210000000000003,-0.40499975,-0.408463933569414,0.363
USA,2016,0.002117081874599469,0.0,0.4285999999999999,-0.29416699999999985,-1.113861840166419,-0.681
USA,2017,-0.018233218263866036,0.0,0.5181,0.4883332499999997,1.5053692736568314,-0.40700000000000003
USA,2018,-0.03845070780407711,0.0,1.0445,0.5800002500000003,1.0329128110879715,-0.31999999999999984
USA,2019,0.04651586701605259,0.0,0.019700000000000273,-0.7658335000000003,-1.0484132025285309,-0.4209999999999998
USA,2020,-0.017752503357139293,0.0,-1.6828000000000003,-1.2499997499999997,-5.13987326786628,-8.352
USA,2021,-0.02998045851506248,0.0,-0.4819,0.5483332500000001,11.76044813811986,3.139000000000001
USA,2022,0.10414466038602921,0.0,2.2382,1.5091667500000001,-1.076535735503704,7.627999999999999
USA,2023,-0.024854890911181204,0.0,2.9946,1.0058332500000002,-3.2311186370522984,-2.482
