COUNTRY,FWD_RATE_3M10Y,FWD_RATE_10Y10Y,FWD_INFL_5Y5Y
AUT,3.271235,4.162224,2.121550
BEL,3.568906,5.000062,2.121550
BGR,3.176292,5.348670,2.121550
CYP,3.176292,4.429878,2.121550
CZE,4.731249,6.006016,2.121550
DEU,3.031917,4.026836,2.121550
DNK,2.876912,3.312819,2.121550
ESP,3.456631,4.639210,2.121550
EST,3.176292,4.964503,2.121550
FIN,3.328507,4.390332,2.121550
FRA,3.734870,5.110610,2.121550
GRC,3.692740,4.884941,2.121550
HRV,3.176292,4.571378,2.121550
HUN,5.225197,5.311735,2.121550
IRL,3.158208,4.030371,2.121550
ITA,3.800890,5.204770,2.121550
LTU,3.176292,4.792170,2.121550
LUX,3.176292,4.222357,2.121550
LVA,3.783092,4.594116,2.121550
MLT,3.764496,4.859720,2.121550
NLD,3.104031,4.005927,2.121550
POL,5.594758,7.036967,2.121550
PRT,3.380478,4.657860,2.121550
ROU,5.737178,8.137305,2.121550
SVK,3.653915,4.995111,2.121550
SVN,3.412423,4.473372,2.121550
SWE,2.786032,3.153870,2.121550
